<?xml version="1.0" encoding="UTF-8"?><TestScript xmlns="http://hl7.org/fhir"><id value="subtest-execution-example"/><meta><profile value="https://fhir-crucible.github.io/testscript-engine-ig/StructureDefinition/testscript-engine-testscript"/></meta><url value="https://github.com/fhir-crucible/testscript-generator/SubtestExecutionExample"/><version value="0.0.1"/><name value="SubtestExecutionExample"/><title value="Subtest execution example"/><status value="draft"/><experimental value="true"/><date value="2022-12-27T13:00:51-04:00"/><publisher value="MITRE"/><contact><name value="MITRE"/><telecom><system value="url"/><value value="https://fhir-crucible.github.io/testscript-engine-ig"/></telecom></contact><fixture id="testPatient"><autocreate value="false"/><autodelete value="false"/><resource><reference value="Patient/patient-fixture"/></resource></fixture><variable><name value="directExecuteInput"/><defaultValue value="wrong"/><description value="value that will be compared on direct execution"/></variable><test><name value="Direct subtest execution"/><action><assert><extension url="https://fhir-crucible.github.io/testscript-engine-ig/StructureDefinition/assert-subtest"><extension url="testName"><valueString value="SubtestToExecuteExample"/></extension><extension url="bindVariable"><extension url="bindSource"><valueString value="directExecuteInput"/></extension><extension url="bindTarget"><valueString value="checkValue"/></extension></extension></extension><label value="Directly_execute"/><description value="Execute subtest directly"/><warningOnly value="false"/></assert></action></test><test><name value="Each value subtest execution one required"/><action><assert><extension url="https://fhir-crucible.github.io/testscript-engine-ig/StructureDefinition/assert-subtest-each"><extension url="testName"><valueString value="SubtestToExecuteExample"/></extension><extension url="bindEachTarget"><valueString value="checkValue"/></extension><extension url="allMustPass"><valueBoolean value="false"/></extension></extension><label value="Execute_subtest_on_list_of_values"/><description value="Execute_subtest_on_list_of_values"/><expression value="name.family"/><sourceId value="testPatient"/><warningOnly value="false"/></assert></action></test></TestScript>