<?xml version="1.0" encoding="UTF-8"?><TestScript xmlns="http://hl7.org/fhir"><id value="subtest-to-execute-example"/><meta><profile value="https://fhir-crucible.github.io/testscript-engine-ig/StructureDefinition/testscript-engine-testscript"/></meta><url value="https://github.com/fhir-crucible/testscript-generator/SubtestToExecuteExample"/><version value="0.0.1"/><name value="SubtestToExecuteExample"/><title value="Subtest to execute example"/><status value="draft"/><experimental value="true"/><date value="2022-12-27T13:00:51-04:00"/><publisher value="MITRE"/><contact><name value="MITRE"/><telecom><system value="url"/><value value="https://fhir-crucible.github.io/testscript-engine-ig"/></telecom></contact><fixture id="notUsed"><autocreate value="false"/><autodelete value="false"/><resource><reference value="Patient/patient-fixture"/></resource></fixture><variable><name value="checkValue"/><defaultValue value="example"/><description value="value that will be compared"/></variable><test><name value="string compare"/><action><assert><label value="compare_receiver_value"/><description value="compare received value"/><expression value="'Chalmers'"/><sourceId value="notUsed"/><value value="${checkValue}"/><warningOnly value="false"/></assert></action></test></TestScript>