<?xml version="1.0" encoding="UTF-8"?>

<Patient xmlns="http://hl7.org/fhir">
  <id value="patient-fixture"/>
  <text>
    <status value="generated"/><div xmlns="http://www.w3.org/1999/xhtml"><p style="border: 1px #661aff solid; background-color: #e6e6ff; padding: 10px;"><b>Jim </b> (no stated gender), DoB Unknown</p><hr/><table class="grid"><tr><td style="background-color: #f3f5da" title="Alternate names (see the one above)">Alt Names:</td><td colspan="3"><ul><li>Peter James Chalmers (OFFICIAL)</li><li>Peter James Windsor (MAIDEN)</li></ul></td></tr></table></div>
  </text>
  <name>
    <use value="official"/>
    <family value="Chalmers"/>
    <given value="Peter"/>
    <given value="James"/>
  </name>
  <name>
    <use value="usual"/>
    <given value="Jim"/>
  </name>
  <name>
    <use value="maiden"/>
    <family value="Windsor"/>
    <given value="Peter"/>
    <given value="James"/>
    <period>
      <end value="2002"/>
    </period>
  </name>
</Patient>