{"resourceType":"TestScript","id":"subtest-to-execute-example","meta":{"profile":["https://fhir-crucible.github.io/testscript-engine-ig/StructureDefinition/testscript-engine-testscript"]},"url":"https://github.com/fhir-crucible/testscript-generator/SubtestToExecuteExample","version":"0.0.1","name":"SubtestToExecuteExample","title":"Subtest to execute example","status":"draft","experimental":true,"date":"2022-12-27T13:00:51-04:00","publisher":"MITRE","contact":[{"name":"MITRE","telecom":[{"system":"url","value":"https://fhir-crucible.github.io/testscript-engine-ig"}]}],"fixture":[{"id":"notUsed","autocreate":false,"autodelete":false,"resource":{"reference":"Patient/patient-fixture"}}],"variable":[{"name":"checkValue","defaultValue":"example","description":"value that will be compared"}],"test":[{"name":"string compare","action":[{"assert":{"label":"compare_receiver_value","description":"compare received value","expression":"'Chalmers'","sourceId":"notUsed","value":"${checkValue}","warningOnly":false}}]}]}