{"resourceType":"TestScript","id":"subtest-execution-example","meta":{"profile":["https://fhir-crucible.github.io/testscript-engine-ig/StructureDefinition/testscript-engine-testscript"]},"url":"https://github.com/fhir-crucible/testscript-generator/SubtestExecutionExample","version":"0.0.1","name":"SubtestExecutionExample","title":"Subtest execution example","status":"draft","experimental":true,"date":"2022-12-27T13:00:51-04:00","publisher":"MITRE","contact":[{"name":"MITRE","telecom":[{"system":"url","value":"https://fhir-crucible.github.io/testscript-engine-ig"}]}],"fixture":[{"id":"testPatient","autocreate":false,"autodelete":false,"resource":{"reference":"Patient/patient-fixture"}}],"variable":[{"name":"directExecuteInput","defaultValue":"wrong","description":"value that will be compared on direct execution"}],"test":[{"name":"Direct subtest execution","action":[{"assert":{"extension":[{"extension":[{"url":"testName","valueString":"SubtestToExecuteExample"},{"extension":[{"url":"bindSource","valueString":"directExecuteInput"},{"url":"bindTarget","valueString":"checkValue"}],"url":"bindVariable"}],"url":"https://fhir-crucible.github.io/testscript-engine-ig/StructureDefinition/assert-subtest"}],"label":"Directly_execute","description":"Execute subtest directly","warningOnly":false}}]},{"name":"Each value subtest execution one required","action":[{"assert":{"extension":[{"extension":[{"url":"testName","valueString":"SubtestToExecuteExample"},{"url":"bindEachTarget","valueString":"checkValue"},{"url":"allMustPass","valueBoolean":false}],"url":"https://fhir-crucible.github.io/testscript-engine-ig/StructureDefinition/assert-subtest-each"}],"label":"Execute_subtest_on_list_of_values","description":"Execute_subtest_on_list_of_values","expression":"name.family","sourceId":"testPatient","warningOnly":false}}]}]}